{"washing machine": {"mains_mean": 342.3384704589844, "mains_std": 441.068603515625, "app_mean": 29.87543487548828, "app_std": 260.1112365722656}, "fridge": {"mains_mean": 382.6808166503906, "mains_std": 550.06005859375, "app_mean": 58.74830627441406, "app_std": 81.29574584960938}, "dish washer": {"mains_mean": 365.3422546386719, "mains_std": 488.78973388671875, "app_mean": 14.127225875854492, "app_std": 113.98279571533203}}